mode,pass,shard,ost_idx,wall_s,MBps
direct,O_DIRECT  (cold),model-00030-of-00030.safetensors,15,6.30,333.5
direct,O_DIRECT  (cold),model-00027-of-00030.safetensors,76,10.37,449.8
direct,O_DIRECT  (cold),model-00022-of-00030.safetensors,56,10.90,427.9
direct,O_DIRECT  (cold),model-00001-of-00030.safetensors,117,11.46,400.0
direct,O_DIRECT  (cold),model-00023-of-00030.safetensors,70,11.44,437.0
direct,O_DIRECT  (cold),model-00015-of-00030.safetensors,133,12.37,377.1
direct,O_DIRECT  (cold),model-00008-of-00030.safetensors,149,12.40,403.2
direct,O_DIRECT  (cold),model-00017-of-00030.safetensors,16,12.46,374.3
direct,O_DIRECT  (cold),model-00004-of-00030.safetensors,11,13.12,378.5
direct,O_DIRECT  (cold),model-00009-of-00030.safetensors,107,13.28,374.0
direct,O_DIRECT  (cold),model-00016-of-00030.safetensors,13,13.45,346.8
direct,O_DIRECT  (cold),model-00028-of-00030.safetensors,23,13.52,369.8
direct,O_DIRECT  (cold),model-00005-of-00030.safetensors,98,13.63,342.2
direct,O_DIRECT  (cold),model-00025-of-00030.safetensors,15,13.71,340.2
direct,O_DIRECT  (cold),model-00026-of-00030.safetensors,59,13.78,338.5
direct,O_DIRECT  (cold),model-00012-of-00030.safetensors,93,13.85,336.8
direct,O_DIRECT  (cold),model-00029-of-00030.safetensors,93,14.10,352.2
direct,O_DIRECT  (cold),model-00011-of-00030.safetensors,59,14.50,321.7
direct,O_DIRECT  (cold),model-00021-of-00030.safetensors,80,14.62,319.0
direct,O_DIRECT  (cold),model-00020-of-00030.safetensors,46,14.81,314.9
direct,O_DIRECT  (cold),model-00007-of-00030.safetensors,139,15.04,310.1
direct,O_DIRECT  (cold),model-00013-of-00030.safetensors,2,15.14,330.2
direct,O_DIRECT  (cold),model-00006-of-00030.safetensors,46,15.27,305.4
direct,O_DIRECT  (cold),model-00003-of-00030.safetensors,30,15.57,321.1
direct,O_DIRECT  (cold),model-00019-of-00030.safetensors,105,15.57,319.0
direct,O_DIRECT  (cold),model-00014-of-00030.safetensors,86,15.57,319.0
direct,O_DIRECT  (cold),model-00010-of-00030.safetensors,30,15.70,297.1
direct,O_DIRECT  (cold),model-00002-of-00030.safetensors,30,16.25,287.0
direct,O_DIRECT  (cold),model-00024-of-00030.safetensors,130,16.35,303.7
direct,O_DIRECT  (cold),model-00018-of-00030.safetensors,8,175.27,28.5
buffered,buffered  (cold),model-00030-of-00030.safetensors,15,3.09,680.0
buffered,buffered  (cold),model-00001-of-00030.safetensors,117,4.85,945.2
buffered,buffered  (cold),model-00011-of-00030.safetensors,59,5.06,921.8
buffered,buffered  (cold),model-00009-of-00030.safetensors,107,5.15,964.3
buffered,buffered  (cold),model-00007-of-00030.safetensors,139,5.38,866.9
buffered,buffered  (cold),model-00027-of-00030.safetensors,76,5.35,871.8
buffered,buffered  (cold),model-00028-of-00030.safetensors,23,5.42,922.5
buffered,buffered  (cold),model-00021-of-00030.safetensors,80,5.45,855.8
buffered,buffered  (cold),model-00016-of-00030.safetensors,13,5.52,845.0
buffered,buffered  (cold),model-00006-of-00030.safetensors,46,5.57,837.4
buffered,buffered  (cold),model-00013-of-00030.safetensors,2,5.58,896.0
buffered,buffered  (cold),model-00020-of-00030.safetensors,46,5.64,827.0
buffered,buffered  (cold),model-00026-of-00030.safetensors,59,5.73,814.0
buffered,buffered  (cold),model-00017-of-00030.safetensors,16,5.81,802.8
buffered,buffered  (cold),model-00012-of-00030.safetensors,93,5.82,801.4
buffered,buffered  (cold),model-00029-of-00030.safetensors,93,5.82,853.3
buffered,buffered  (cold),model-00002-of-00030.safetensors,30,6.01,776.1
buffered,buffered  (cold),model-00025-of-00030.safetensors,15,6.01,776.1
buffered,buffered  (cold),model-00024-of-00030.safetensors,130,6.10,814.1
buffered,buffered  (cold),model-00004-of-00030.safetensors,11,6.14,808.8
buffered,buffered  (cold),model-00008-of-00030.safetensors,149,6.14,814.3
buffered,buffered  (cold),model-00014-of-00030.safetensors,86,6.19,802.3
buffered,buffered  (cold),model-00019-of-00030.safetensors,105,6.19,802.3
buffered,buffered  (cold),model-00022-of-00030.safetensors,56,6.20,752.3
buffered,buffered  (cold),model-00005-of-00030.safetensors,98,6.25,746.3
buffered,buffered  (cold),model-00015-of-00030.safetensors,133,6.25,746.3
buffered,buffered  (cold),model-00023-of-00030.safetensors,70,6.24,801.2
buffered,buffered  (cold),model-00003-of-00030.safetensors,30,6.35,787.4
buffered,buffered  (cold),model-00010-of-00030.safetensors,30,6.44,724.2
buffered,buffered  (cold),model-00018-of-00030.safetensors,8,28.95,172.7
buffered,buffered  (WARM/RAM),model-00018-of-00030.safetensors,8,1.37,3649.4
buffered,buffered  (WARM/RAM),model-00030-of-00030.safetensors,15,3.30,636.8
buffered,buffered  (WARM/RAM),model-00012-of-00030.safetensors,93,4.54,1027.3
buffered,buffered  (WARM/RAM),model-00029-of-00030.safetensors,93,4.54,1093.9
buffered,buffered  (WARM/RAM),model-00003-of-00030.safetensors,30,4.80,1041.6
buffered,buffered  (WARM/RAM),model-00010-of-00030.safetensors,30,4.81,969.7
buffered,buffered  (WARM/RAM),model-00002-of-00030.safetensors,30,4.88,955.8
buffered,buffered  (WARM/RAM),model-00022-of-00030.safetensors,56,5.67,822.6
buffered,buffered  (WARM/RAM),model-00015-of-00030.safetensors,133,5.71,816.8
buffered,buffered  (WARM/RAM),model-00005-of-00030.safetensors,98,5.82,801.4
buffered,buffered  (WARM/RAM),model-00014-of-00030.safetensors,86,5.83,851.8
buffered,buffered  (WARM/RAM),model-00027-of-00030.safetensors,76,5.86,795.9
buffered,buffered  (WARM/RAM),model-00017-of-00030.safetensors,16,5.92,787.9
buffered,buffered  (WARM/RAM),model-00009-of-00030.safetensors,107,6.00,827.7
buffered,buffered  (WARM/RAM),model-00028-of-00030.safetensors,23,5.98,836.1
buffered,buffered  (WARM/RAM),model-00025-of-00030.safetensors,15,5.98,780.0
buffered,buffered  (WARM/RAM),model-00026-of-00030.safetensors,59,6.06,769.7
buffered,buffered  (WARM/RAM),model-00001-of-00030.safetensors,117,6.31,726.5
buffered,buffered  (WARM/RAM),model-00004-of-00030.safetensors,11,6.33,784.5
buffered,buffered  (WARM/RAM),model-00024-of-00030.safetensors,130,6.46,768.8
buffered,buffered  (WARM/RAM),model-00020-of-00030.safetensors,46,6.53,714.3
buffered,buffered  (WARM/RAM),model-00007-of-00030.safetensors,139,6.69,697.2
buffered,buffered  (WARM/RAM),model-00011-of-00030.safetensors,59,6.76,690.0
buffered,buffered  (WARM/RAM),model-00021-of-00030.safetensors,80,6.75,691.0
buffered,buffered  (WARM/RAM),model-00008-of-00030.safetensors,149,6.78,737.4
buffered,buffered  (WARM/RAM),model-00016-of-00030.safetensors,13,6.78,687.9
buffered,buffered  (WARM/RAM),model-00006-of-00030.safetensors,46,6.88,677.9
buffered,buffered  (WARM/RAM),model-00013-of-00030.safetensors,2,6.98,716.3
buffered,buffered  (WARM/RAM),model-00023-of-00030.safetensors,70,7.25,689.6
buffered,buffered  (WARM/RAM),model-00019-of-00030.safetensors,105,7.41,670.2
